zeros,poles
(-0.0034226281302315847+0.36622031075613837j),(-0.0034226281302315847+0.844791739327567j)
0j,(0.7751488004411969+0.016220310756138393j)
0j,(-0.7105654852730887+0.023363167898995535j)
