zeros,poles
(-0.0034226281302315847+0.9257441929408482j),(0.5608630861554827+0.43288705008370537j)
