zeros,poles
(-0.7047280720302037+0.0066556658063616075j),(-0.026156643458775112-0.5362014770507812j)
(0.6524147851126535+0.020941380092075895j),0j
