zeros,poles
(-0.9254464285714286+0.008816964285714286j),0
