zeros,poles
(-0.3732142857142857+0.496875j),(0.21964285714285714+0.6040178571428572j)
(0.5053571428571428+0.40401785714285715j),(-0.5446428571428571+0.396875j)
(0.5982142857142857-0.13883928571428572j),0j
(-0.5446428571428571+0.08973214285714286j),0j
